{"cameraMode":{"drawMode":0,"name":"Shaded","section":"Shading Mode"},"sceneLighting":true,"audioPlay":false,"sceneViewState":{"showFog":false,"showMaterialUpdate":false,"showSkybox":false,"showFlares":false,"showImageEffects":false,"showParticleSystems":false},"in2DMode":false,"pivot":{"x":0.6432196497917175,"y":-12.598949432373047,"z":-2.3460798263549806},"rotation":{"x":-0.6071612238883972,"y":-0.005724291782826185,"z":0.004373821895569563,"w":-0.7945496439933777},"size":23.41748809814453,"orthographic":false}