{"cameraMode":{"drawMode":0,"name":"Shaded","section":"Shading Mode"},"sceneLighting":true,"audioPlay":false,"sceneViewState":{"showFog":false,"showMaterialUpdate":false,"showSkybox":false,"showFlares":false,"showImageEffects":false,"showParticleSystems":false},"in2DMode":false,"pivot":{"x":19.437664031982423,"y":2.0,"z":-207.87625122070313},"rotation":{"x":-0.04071391001343727,"y":0.9585170149803162,"z":-0.17888030409812928,"w":-0.2181588113307953},"size":0.8660253882408142,"orthographic":false}