{"cameraMode":{"drawMode":0,"name":"Shaded","section":"Shading Mode"},"sceneLighting":true,"audioPlay":false,"sceneViewState":{"showFog":false,"showMaterialUpdate":false,"showSkybox":false,"showFlares":false,"showImageEffects":false,"showParticleSystems":false},"in2DMode":false,"pivot":{"x":-25.8145694732666,"y":29.28276824951172,"z":-10.697282791137696},"rotation":{"x":-0.35311275720596316,"y":-0.004764883778989315,"z":0.0018023184966295958,"w":-0.9355795383453369},"size":10.0,"orthographic":false}