{"cameraMode":{"drawMode":0,"name":"Shaded","section":"Shading Mode"},"sceneLighting":true,"audioPlay":false,"sceneViewState":{"showFog":false,"showMaterialUpdate":false,"showSkybox":false,"showFlares":false,"showImageEffects":false,"showParticleSystems":false},"in2DMode":false,"pivot":{"x":5.593282222747803,"y":22.35820770263672,"z":-24.42562484741211},"rotation":{"x":-0.4017585515975952,"y":-0.07459134608507157,"z":0.03285025432705879,"w":-0.9121205806732178},"size":0.8660253882408142,"orthographic":false}