{"cameraMode":{"drawMode":0,"name":"Shaded","section":"Shading Mode"},"sceneLighting":true,"audioPlay":false,"sceneViewState":{"showFog":false,"showMaterialUpdate":false,"showSkybox":false,"showFlares":false,"showImageEffects":false,"showParticleSystems":false},"in2DMode":false,"pivot":{"x":-25.8145694732666,"y":29.28276824951172,"z":-10.697282791137696},"rotation":{"x":0.5793660879135132,"y":0.010518710128962994,"z":-0.00746883312240243,"w":0.8149803876876831},"size":29.284345626831056,"orthographic":false}