{"cameraMode":{"drawMode":0,"name":"Shaded","section":"Shading Mode"},"sceneLighting":true,"audioPlay":false,"sceneViewState":{"showFog":false,"showMaterialUpdate":false,"showSkybox":false,"showFlares":false,"showImageEffects":false,"showParticleSystems":false},"in2DMode":false,"pivot":{"x":25.465848922729493,"y":2.0403213500976564,"z":0.6099877953529358},"rotation":{"x":-0.5177077054977417,"y":0.10038724541664124,"z":-0.06132049486041069,"w":-0.8474475741386414},"size":76.42525482177735,"orthographic":false}