{"cameraMode":{"drawMode":0,"name":"Shaded","section":"Shading Mode"},"sceneLighting":true,"audioPlay":false,"sceneViewState":{"showFog":false,"showMaterialUpdate":false,"showSkybox":false,"showFlares":false,"showImageEffects":false,"showParticleSystems":false},"in2DMode":false,"pivot":{"x":5.1149396896362309,"y":22.300270080566408,"z":-24.51513671875},"rotation":{"x":0.4225761592388153,"y":-0.11934267729520798,"z":0.05623866617679596,"w":0.8966816067695618},"size":0.8660253882408142,"orthographic":false}