{"cameraMode":{"drawMode":0,"name":"Shaded","section":"Shading Mode"},"sceneLighting":true,"audioPlay":false,"sceneViewState":{"showFog":false,"showMaterialUpdate":false,"showSkybox":false,"showFlares":false,"showImageEffects":false,"showParticleSystems":false},"in2DMode":false,"pivot":{"x":598.5599975585938,"y":268.474365234375,"z":110.7708740234375},"rotation":{"x":0.17966283857822419,"y":0.09516340494155884,"z":-0.017453676089644433,"w":0.9789765477180481},"size":388.90557861328127,"orthographic":false}