{"cameraMode":{"drawMode":0,"name":"Shaded","section":"Shading Mode"},"sceneLighting":true,"audioPlay":false,"sceneViewState":{"showFog":false,"showMaterialUpdate":false,"showSkybox":false,"showFlares":false,"showImageEffects":false,"showParticleSystems":false},"in2DMode":false,"pivot":{"x":24.303773880004884,"y":2.4247543811798097,"z":-7.679904460906982},"rotation":{"x":-0.4795650541782379,"y":0.15836521983146668,"z":-0.08846185356378555,"w":-0.8585644960403442},"size":1.4660253524780274,"orthographic":false}