{"cameraMode":{"drawMode":0,"name":"Shaded","section":"Shading Mode"},"sceneLighting":true,"audioPlay":false,"sceneViewState":{"showFog":false,"showMaterialUpdate":false,"showSkybox":false,"showFlares":false,"showImageEffects":false,"showParticleSystems":false},"in2DMode":false,"pivot":{"x":119.12225341796875,"y":-7.117637634277344,"z":7.5322418212890629},"rotation":{"x":-0.6048807501792908,"y":-0.03626926615834236,"z":0.02760462276637554,"w":-0.7950268983840942},"size":50.03776168823242,"orthographic":false}