{"cameraMode":{"drawMode":0,"name":"Shaded","section":"Shading Mode"},"sceneLighting":true,"audioPlay":false,"sceneViewState":{"showFog":false,"showMaterialUpdate":false,"showSkybox":false,"showFlares":false,"showImageEffects":false,"showParticleSystems":false},"in2DMode":false,"pivot":{"x":-19.24534034729004,"y":6.899580955505371,"z":3.8126471042633058},"rotation":{"x":0.4380335509777069,"y":0.09222317487001419,"z":-0.045236583799123767,"w":0.8930758237838745},"size":0.8660253882408142,"orthographic":false}