{"cameraMode":{"drawMode":0,"name":"Shaded","section":"Shading Mode"},"sceneLighting":true,"audioPlay":false,"sceneViewState":{"showFog":false,"showMaterialUpdate":false,"showSkybox":false,"showFlares":false,"showImageEffects":false,"showParticleSystems":false},"in2DMode":false,"pivot":{"x":-5.608478546142578,"y":28.70276641845703,"z":-12.88722038269043},"rotation":{"x":0.5793660879135132,"y":0.010518710128962994,"z":-0.00746883312240243,"w":0.8149803876876831},"size":29.284345626831056,"orthographic":false}