{"cameraMode":{"drawMode":0,"name":"Shaded","section":"Shading Mode"},"sceneLighting":true,"audioPlay":false,"sceneViewState":{"showFog":false,"showMaterialUpdate":false,"showSkybox":false,"showFlares":false,"showImageEffects":false,"showParticleSystems":false},"in2DMode":false,"pivot":{"x":813.3408813476563,"y":227.47451782226563,"z":409.7850341796875},"rotation":{"x":0.11455052345991135,"y":-0.04053488001227379,"z":0.0046748570166528229,"w":0.9925861954689026},"size":567.2820434570313,"orthographic":false}