{"cameraMode":{"drawMode":0,"name":"Shaded","section":"Shading Mode"},"sceneLighting":true,"audioPlay":false,"sceneViewState":{"showFog":false,"showMaterialUpdate":false,"showSkybox":false,"showFlares":false,"showImageEffects":false,"showParticleSystems":false},"in2DMode":false,"pivot":{"x":775.6171264648438,"y":366.183349609375,"z":175.0556640625},"rotation":{"x":0.5467253923416138,"y":0.03464600071310997,"z":-0.022643839940428735,"w":0.8363020420074463},"size":821.1558837890625,"orthographic":false}