{"cameraMode":{"drawMode":0,"name":"Shaded","section":"Shading Mode"},"sceneLighting":true,"audioPlay":false,"sceneViewState":{"showFog":false,"showMaterialUpdate":false,"showSkybox":false,"showFlares":false,"showImageEffects":false,"showParticleSystems":false},"in2DMode":false,"pivot":{"x":8.10315990447998,"y":1.591709852218628,"z":-5.675356864929199},"rotation":{"x":0.105977863073349,"y":-0.6064140200614929,"z":0.08199439197778702,"w":0.7837797999382019},"size":0.8128816485404968,"orthographic":false}