{"cameraMode":{"drawMode":0,"name":"Shaded","section":"Shading Mode"},"sceneLighting":true,"audioPlay":false,"sceneViewState":{"showFog":false,"showMaterialUpdate":false,"showSkybox":false,"showFlares":false,"showImageEffects":false,"showParticleSystems":false},"in2DMode":false,"pivot":{"x":0.3996654450893402,"y":1.999997854232788,"z":-14.503901481628418},"rotation":{"x":-0.35311275720596316,"y":-0.004764883778989315,"z":0.0018023184966295958,"w":-0.9355795383453369},"size":9.48496150970459,"orthographic":false}