{"cameraMode":{"drawMode":0,"name":"Shaded","section":"Shading Mode"},"sceneLighting":true,"audioPlay":false,"sceneViewState":{"showFog":false,"showMaterialUpdate":false,"showSkybox":false,"showFlares":false,"showImageEffects":false,"showParticleSystems":false},"in2DMode":false,"pivot":{"x":5.4076714515686039,"y":22.2489013671875,"z":-24.542131423950197},"rotation":{"x":-0.4478870630264282,"y":-0.0018744826084002853,"z":0.0009349334286525846,"w":-0.8940978646278381},"size":0.8660253882408142,"orthographic":false}