{"cameraMode":{"drawMode":0,"name":"Shaded","section":"Shading Mode"},"sceneLighting":true,"audioPlay":false,"sceneViewState":{"showFog":false,"showMaterialUpdate":false,"showSkybox":false,"showFlares":false,"showImageEffects":false,"showParticleSystems":false},"in2DMode":false,"pivot":{"x":-5.499338150024414,"y":8.109081268310547,"z":-2.215384006500244},"rotation":{"x":-0.4597000181674957,"y":-0.02715967781841755,"z":0.014070432633161545,"w":-0.8875518441200256},"size":1.2247449159622193,"orthographic":false}